protocol,encoder,label_frac,scope,n_subjects,accuracy,balanced_accuracy,macro_f1,n_subjects_std,accuracy_std,balanced_accuracy_std,macro_f1_std
probe,mae_single,0.25,cv_mean,1.6666666666666667,0.0,0.0,0.0,0.9428090415820634,0.0,0.0,0.0
probe,mae_single,0.25,test,7.0,1.0,1.0,1.0,,,,
probe,mae_cross,0.25,cv_mean,1.6666666666666667,0.0,0.0,0.0,0.9428090415820634,0.0,0.0,0.0
probe,mae_cross,0.25,test,7.0,1.0,1.0,1.0,,,,
probe,imagenet,0.25,cv_mean,1.6666666666666667,0.0,0.0,0.0,0.9428090415820634,0.0,0.0,0.0
probe,imagenet,0.25,test,7.0,1.0,1.0,1.0,,,,
probe,scratch,0.25,cv_mean,1.6666666666666667,0.0,0.0,0.0,0.9428090415820634,0.0,0.0,0.0
probe,scratch,0.25,test,7.0,1.0,1.0,1.0,,,,
probe,mae_single,0.5,cv_mean,3.0,0.8888888888888888,0.8888888888888888,0.8518518518518517,0.816496580927726,0.15713484026367724,0.15713484026367724,0.2095131203515697
probe,mae_single,0.5,test,7.0,1.0,1.0,1.0,,,,
probe,mae_cross,0.5,cv_mean,3.0,0.8888888888888888,0.8888888888888888,0.8518518518518517,0.816496580927726,0.15713484026367724,0.15713484026367724,0.2095131203515697
probe,mae_cross,0.5,test,7.0,1.0,1.0,1.0,,,,
probe,imagenet,0.5,cv_mean,3.0,0.8888888888888888,0.8888888888888888,0.8518518518518517,0.816496580927726,0.15713484026367724,0.15713484026367724,0.2095131203515697
probe,imagenet,0.5,test,7.0,1.0,1.0,1.0,,,,
probe,scratch,0.5,cv_mean,3.0,0.8888888888888888,0.8888888888888888,0.8333333333333334,0.816496580927726,0.15713484026367724,0.15713484026367724,0.23570226039551584
probe,scratch,0.5,test,7.0,1.0,1.0,1.0,,,,
probe,mae_single,1.0,cv_mean,6.333333333333333,1.0,1.0,1.0,0.4714045207910317,0.0,0.0,0.0
probe,mae_single,1.0,test,7.0,1.0,1.0,1.0,,,,
probe,mae_cross,1.0,cv_mean,6.333333333333333,1.0,1.0,1.0,0.4714045207910317,0.0,0.0,0.0
probe,mae_cross,1.0,test,7.0,1.0,1.0,1.0,,,,
probe,imagenet,1.0,cv_mean,6.333333333333333,1.0,1.0,1.0,0.4714045207910317,0.0,0.0,0.0
probe,imagenet,1.0,test,7.0,1.0,1.0,1.0,,,,
probe,scratch,1.0,cv_mean,6.333333333333333,1.0,1.0,1.0,0.4714045207910317,0.0,0.0,0.0
probe,scratch,1.0,test,7.0,1.0,1.0,1.0,,,,
